,Notebooking,Origami (Figure),Origami (Modular),Paper Craft,Paper Flight,Popsicle Sticks,Fiber Art,Hands-On Science,3D Printing 101 (Prusa Mini),Vinyl Cutting (Cameo),Laser Cutting 101 (Muse),Digital Embroidery 101 (Brother PE800),Electronics 101,Mechatronics,Engineering 101,Turtle Stitch,Block Coding 101 (scratch),Pygamer,Biomimicry,Lego,Pipe Cleaners,3D Pen
White,Notebook | https://docs.google.com/document/d/1pR6EuSTzPdrjEb9VxxsBYX7IazxlkjfPehHYuQlSgCM/edit?usp=sharing,1. Make a Square Sheet of Paper: Instructions | https://docs.google.com/document/d/1CTuENjsKcSaLcZ0kOcMBGBpEvwTz58j0/edit,1. Make a Square Sheet of Paper: Instructions | https://docs.google.com/document/d/1CTuENjsKcSaLcZ0kOcMBGBpEvwTz58j0/edit,Simple Stand-Up Cat: Instructions | https://drive.google.com/file/d/1FIz1vNG9k89cLokLkq1VQYo6z3GPGxTD/view,Basic Paper Airplane: Instructions | https://www.origamiway.com/plane-dart.shtml,Popsicle Stick Heroes: Instructions | https://www.instructables.com/Popsicle-Stick-Superheros/,Pumpkin Pom-Pom: Instructions | https://www.instructables.com/Easy-Pumpkin-Pom-Pom-With-Your-Hand/,Egg Carton Nursery | https://www.pbs.org/parents/crafts-and-experiments/grow-seedlings-in-an-egg-carton,1. Design a Mesh Model in Sculptris | https://drive.google.com/open?id=1-px_dgqD27YoiMfLxrYysuD_sWbwHZ1FkKEOCjB0bJw,Introduction to Silhouette Studio | https://docs.google.com/document/d/1xWcqfcxSU7U8cQhd8wbiB2uzbfazvSmO/edit,Muse Laser Cutter Manual** | https://2882208.fs1.hubspotusercontent-na1.net/hubfs/2882208/Muse%20Core%20Manual%201-23.pdf,Hooping Fabric for Embroidery Machine | https://docs.google.com/document/d/19TWrhT59vthZ-x71_YN8poeZSdChET5S/edit,1. TinkerCAD Setup | https://docs.google.com/document/d/1eOUcYsAs_NhbfDqq8WUAjei6RKpMsr62/edit,Gluetorial Sampler | https://docs.google.com/document/d/1Ut_yKCfCMPef_R_wOPdUl2SlnA50EHWe/edit,What is Engineering? | https://www.youtube.com/watch?v=btGYcizV0iI&list=PL8dPuuaLjXtO4A_tL6DLZRotxEb114cMR&t=0s,Create TurtleStitch Account | https://docs.google.com/document/d/1zqNidmzZgIfzBh2yuugQ50Agv4yEVt4N/edit,Getting Started | https://docs.google.com/document/d/13h4EK2Rpu6Km96zMcQBqSIBJJVBXsei6/edit,"Get a Pygamer, USB cord, and LiOn Battery",,,Pipe Cleaner People | https://www.youtube.com/watch?v=zVkDp9sIjsU,1. Introduction | https://docs.google.com/document/d/1erM-dn8OncLACIcfSAgK9LGNiq96H-6OdDo398lAU5Y/edit?usp=sharing
,,1. Make a Square Sheet of Paper: Video | https://www.youtube.com/watch?v=_5pWN0O2i2I,1. Make a Square Sheet of Paper: Videos | https://www.youtube.com/watch?v=_5pWN0O2i2I,Simple Stand-Up Cat: Video | https://youtu.be/6L_gQ1-Tno8?feature=shared,Basic Paper Airplane: Video | https://youtu.be/veyZNyurlwU?feature=shared,Popsicle Stick Heroes: Video | https://www.youtube.com/watch?v=KnpnVe5uxhw,Pumpkin Pom-Pom: Video | https://www.youtube.com/watch?v=oi2NBGKAkH4,Counting Over 1000 Using Your Fingers | https://www.youtube.com/watch?v=UixU1oRW64Q,1. Design a Mesh Model on the Web | https://docs.google.com/document/d/14Lbh7DkWVNFkcI0WmlF898Ifk5mKU0IWm6ZgqRxkWF4/edit?usp=sharing,How to Operate a Cameo 3 Vinyl Cutter | https://docs.google.com/document/d/1-RKGi-l_QMrycU-2nXIYaGFFazrayhTo/edit,Operate the Muse Laser Cutter | https://docs.google.com/document/d/1CFgD1smsIa1M34kqKHDH5plTjC3YVqDN/edit,,2. Simple Lamp | https://docs.google.com/document/d/1t6vEsXuo7HqfO3QZWdquD8A6IVD0W4ne/edit,,,Start | https://docs.google.com/drawings/d/1-uHPoLC0UX1xvWMZKjSxvbsvp-k7fOMVudr4jzaf5F0/edit?usp=sharing,,"(optional) Sign into MakeCode Using your Clever, Microsoft, or Google Account | https://arcade.makecode.com/",Make a note book to record observations and notes | https://docs.google.com/document/d/1pR6EuSTzPdrjEb9VxxsBYX7IazxlkjfPehHYuQlSgCM/edit?usp=sharing,Build the tallest tower of stacked bricks you can,,
,,,,,Paper Helicopter: Instructions | https://www.origamiway.com/how-to-make-a-paper-helicopter.shtml,Popsicle Stick Playing Cards: Instructions | https://www.instructables.com/Popsicle-Stick-Playing-Cards/,,,2. Slice a Model with Prusa Slicer | https://docs.google.com/document/d/1upXN7Sn65urau1wNAFDMXtyxqXqN8KoHL3yEZmVe_bE/edit?usp=sharing,How to Operate a Cameo 4 Vinyl Cutter | https://docs.google.com/document/d/1ihm51BJbhbJg2W8rZuadxG_umpEW2MvX/edit,Fab Lab Fridge Magnet Test | https://docs.google.com/document/d/1hbh0TUZPwn0uB8zmLZwz4rizc4T6Y1c9/edit,,,,,Comment | https://docs.google.com/drawings/d/1x1SmrL5EtZ5Yzwd9zbRAVJFq465e96Xh7k0Cx1G-Jw0/edit?usp=sharing,,,,,Pipe Cleaner Rings | https://www.youtube.com/watch?v=xX58LNA6wu4,
,,2. Make a Whale: Instructions | https://origami.me/whale/,,,Paper Helicopter: Video | https://youtu.be/zTakrjE9yCo?feature=shared,Popsicle Stick Playing Cards: Video | https://youtu.be/4vYWuCej_Rg?feature=shared,Cardboard Yarn Letter: Instructions | https://www.instructables.com/Cardboard-Yarn-Letter/,,3. Operating a PrusaMini | https://docs.google.com/document/d/1NUxdjrleygNWIulcpqfp5QnaQXQO5-6ylX8NuEyR6Wk/edit?usp=sharing,,,,,,,Line | https://docs.google.com/drawings/d/1qQT8kosxr7BZy6vssIXgCgH3bNfsLgRUAOBcS6idk-U/edit?usp=sharing,,,,,,2. Your Name | https://docs.google.com/document/d/19JXLtQG7nXubzQjywlamAlZ3v3UBPWrHYinv6TQ9KKs/edit?usp=sharing
,,2. Make a Whale :Videos | https://www.youtube.com/watch?v=8dLe5dS4b60,,,,,Cardboard Yarn Letter: Video | https://www.youtube.com/watch?v=RIrDDS_DE7E,,,,,,,,,Embroidery (Stitch Types) | https://docs.google.com/drawings/d/1i3q6qMgaayyaLjo2IC1hQa49hoxbAqSzq4SMCsXNRMU/edit?usp=sharing,,,,,,
,,,,,,,,,,,,,,,,File Format | https://docs.google.com/drawings/d/1nLwpzhCSMjUBZnhaBLIrXrPoBfRqU3i23w159QC81as/edit?usp=sharing,,,,,,
Yellow,,,,,,,Crochet Chain Bracelet: Instructions | https://www.crochetleaf.com/chain-stitch-bracelet.html,,,,,,,,,Dimensions,,,,,,
,,,,,,,Crochet Chain Bracelet: Video | https://www.youtube.com/watch?v=R49LOKSHw6c,,,,,,,,,,,,,,,
,Written Notes | https://drive.google.com/open?id=11-4Olb4yIMDuacq34q_M2-NCTFGE8F2BTXxTuiKSPAc,Angel Fish: Instructions | http://origami.me/angelfish/,Water Bomb Base: Instructions | https://docs.google.com/document/d/1S-UltC3lh4c3PVYMkcn3Qb50i0pxZzjc/edit,Jumping Frog: Instructions | https://www.origamiway.com/easy-origami-frog/,Nakamura Lock Paper Airplane: Instructions | https://www.origamiway.com/plane-nakamura-lock.shtml,Popsicle Stick Coaster: Instructions | https://www.instructables.com/Popsicle-Stick-Coaster/,Yarn Art: Instructions | https://www.instructables.com/Yarn-Art/,Weather Station | https://drive.google.com/file/d/1O0bT2-sGLiS1GLWVZcK0TnYrlvv6KgzX/view?usp=drive_link,1. TinkerCAD Setup | https://docs.google.com/document/d/1nZVrv83v7UY9wUDPerOByM0jOgnmNomrNawanWTDaIM/edit?usp=sharing,,,,Cu Tape Torch | https://drive.google.com/file/d/0B66Qe-o5qktELTBNUkVMZ3VURlE/view?usp=sharing&resourcekey=0-oVcVrUPm1xeobeRPUknBww,Slider Crank Diagram | https://docs.google.com/presentation/d/16HNDgOB5AO-L7WBvDG6eI5t304hz-fNXTQxHrFqQlZ8/edit?usp=sharing,Build a Straw Rocket | https://www.jpl.nasa.gov/edu/learn/project/make-a-straw-rocket/,Square | https://docs.google.com/drawings/d/1sXr-WP-nuB0_w2C3fjDDId3xprYm8h2tqNWrs5FG5Go/edit?usp=sharing,Creating Animations | https://docs.google.com/document/d/14S33M8FEPCjVKApkH58kDCXhohkgXOFA/edit,Create a chasing Pizza Game | https://arcade.makecode.com/tutorials/chase-the-pizza,Make a paper helicopter | https://www.jpl.nasa.gov/edu/resources/project/make-a-paper-mars-helicopter-2/,Build a house using interlocking bricks | https://www.wikihow.com/Build-a-LEGO-House,Fish | https://www.youtube.com/watch?v=bwO7NZpR8pw,Basic Shape Outlines | https://docs.google.com/document/d/1HAyzb1gmbR-r82TWfSrvEerTvJH4CRrVAVd9QEviOxY/edit?usp=sharing
,,Angel Fish: Video | https://www.youtube.com/watch?v=NxUV-Rao4TM,Water Bomb Base: Video | https://www.youtube.com/watch?v=yl1rjHml2Gc,Jumping Frog: Video | https://youtu.be/oi7oitREUBQ?feature=shared,Nakamura Lock Paper Airplane: Video | https://youtu.be/P4J4Cj2HcQU?feature=shared,Popsicle Stick Coaster: Video | https://youtu.be/sTrp37Dv4hI?feature=shared,Yarn Art: Video | https://www.youtube.com/watch?v=_WQGT7DBeEM,,2. Intro to TinkerCAD | https://docs.google.com/document/d/1Abz3T5SNf5l3LclQbwUUS0Vc3Dx8z3_yeSVAjtm5QHM/edit?usp=sharing,Make a Name Decal | https://docs.google.com/document/d/14xUjEdv4Ih1zdgg8OBxuz8Hnm6tmL_vb/edit,Name Tag | https://docs.google.com/document/d/1dxPYF_T5Pq23CgZOXMrVNRpgbaIYGmwt/edit,Threading the PE800 (Video) | https://youtu.be/3voxF1cbyS4?t=103,Paper Parallel Circuit | https://docs.google.com/document/d/1LhzaRdE7mulAwX0aXnoeS19P7CnkcKsy/edit,Slider Crank Assembly Pics | https://photos.app.goo.gl/hw9x96uq7vUj682H9,,Circle | https://docs.google.com/drawings/d/1GVQNEhL23_O-mgRGsQMmUZT0C6ET5dcKclpbZSKftR0/edit?usp=sharing,Creating Art | https://docs.google.com/document/d/1JvQ0ECFePFdoNw_wCM5utE-WBQTGwqRW/edit,,,,Pipe Cleaner Flower | https://www.instructables.com/Pipe-Cleaner-Flower-Mothers-Day-Craft/,
,,,,,,,Yarn Dolls: Instructions | https://www.instructables.com/Yarn-Dolls-1/,Mind Reader | https://drive.google.com/file/d/1BAkhRoxQF9QVhZEfiQyR8pI1HumePlen/view?usp=drive_link,,,Keychain | https://docs.google.com/document/d/1W617q1dH_ef_9ndTik_k4LD4Yff653xU/edit,,Cu Tape Torch Instructable w/ video | https://www.instructables.com/Circuit-Torch/,,,Jump Stitch | https://docs.google.com/drawings/d/1Ai9GZJPne_Y2klYSPBWYpv8NQBClTw0PjSCNaWUiZAg/edit?usp=sharing,Creating Music | https://docs.google.com/document/d/1qVlWeijstxURBSt492prJrz8iliEZYG0/edit,,Paper Helicopter Video | https://youtu.be/zTakrjE9yCo?feature=shared,,,
,,Cat Face: Instructions | http://origami.me/cat-face/,,Rabbit: Instructions | https://drive.google.com/file/d/1NomLFoQW1nE5lvVgJl0L6miMQMjVfjdN/view?usp=sharing,,Exploding Popsicle Sticks: Instructions | https://www.instructables.com/Popsicle-Stick-Bomb-2/,Yarn Dolls: Video | https://www.youtube.com/watch?v=bDGdD21y3nI,OR Mind Reader Video! (Super helpful!) | https://youtu.be/cT8sQiUJipg?si=KCTKLWDMNlDT8OVB,,,Coaster | https://docs.google.com/document/d/1hdf0m-t-J9EF1vZiVz8-334qMj6Cln7o/edit,,,,,,Creating Games | https://docs.google.com/document/d/1Sz4EbNaD_G7nJi2h7BgZcgXmG7Fm--mz/edit,,,,,FIx a 3D Print | https://docs.google.com/document/d/1yS_LKKFY341gP8LiCus3zHDoCF7BvIg3tzqDRYIU0iM/edit?usp=sharing
,,Cat Face: Video | https://www.youtube.com/watch?v=lLmtLKVMoAs,,Rabbit: Video | https://youtu.be/2DfFoVoeYow?feature=shared,,Exploding Popsicle Sticks: Video | https://youtu.be/GQyGDKklVPU?feature=shared,,,,,Tic-Tac-Toe Set | https://docs.google.com/document/d/1drz-Kdm0iqL8p7vVZE50z6SV-4EK_34A/edit,,,,,,Creating Stories | https://docs.google.com/document/d/1HPrmWclfelbzwD_eTH4RxPOW-1E1Vb0A/edit,,,,,
Orange,,,,,,,,,,,,,,,,,,,,,,
,,Simple Frog: Instructions | https://www.origamiway.com/easy-origami-frog.shtml,,,,,,,,,,,,,,,,,,,,
,,Simple Frog: Video | https://www.youtube.com/watch?v=1kZjq8f8Mpo,,,,,,,Lithophane in FlashPrint | https://drive.google.com/open?id=13ZW3JMHMBOVJriVCoxsfjZ0r6-7dP7ujKPQG5CWSI-g,,,,,,,,,,Make a cardbaord claw hand,Design a building for a Base on Mars,,
,Simple Sketching | https://docs.google.com/document/d/1MhpQloHlCB4Wn8asrfQImHiphBb5rfIrVwWenKiMX24/edit?usp=sharing,Cicada: Instructions | http://origami.me/cicada/,Sunken Octahedron: Instructions | https://docs.google.com/document/d/1vToFCTdHDbcYkI2YD79fDYa8ZD2H_EOt/edit,Paper Fortune Teller: Instructions | https://www.origamiway.com/paper-fortune-teller/,Spy Plane Paper Airplane: Instructions | https://www.origamiway.com/plane-spy-plane.shtml,Popsicle Stick Icosahedron: Instructions | https://www.instructables.com/Popsicle-Stick-Icosahedron/,String Art with Paperclips | https://www.instructables.com/String-Art-With-Paperclips/,Candy Chromatography | https://drive.google.com/file/d/126E2Z_B8nCq8JpA4ia0i9Z7Ljf9C5c5M/view?usp=drive_link,Extruded Traced Bitmap | https://drive.google.com/open?id=1denVgeSQwDsPCYnQwmxJzHssLNW7ZehRVtUEQJTUacs,,,,Simple LED Circuit | https://docs.google.com/document/d/1sxRiEsIo-oyoy2xQXOsAdUqUbkZXUBD4/edit,Cam and Follower | https://docs.google.com/presentation/d/1M6siUEXQSTYWsuqMaWkWy-U8uVWBzDuhjr71Ipd_Tgs/edit?usp=sharing,Build a Toothpick Tower | http://www.crscience.org/pdf/Marshmallow_toothpick_challenge.pdf,Block | https://docs.google.com/drawings/d/1rKU7QiAU4R58gZ_htZsBuL3MOOsGYcj3SEXsOQpvA7Y/edit?usp=sharing,Talking Tales | https://docs.google.com/document/d/1k4m15sPw9s45uFCIbkKiVnW92gLTpkmf/edit,Load the above code into the PyGamer | https://learn.adafruit.com/adafruit-pygamer/load-makecode-game-on-pybadge,,,Pipe Cleaner Jellyfish | https://www.youtube.com/watch?v=vlJFI1GfQOc&t=79s,2D Drawing | https://docs.google.com/document/d/1eiqnsKYFODBw_7ibTZXMK6Noh-TRsrimBCCEGgnahTg/edit?usp=sharing
,,Cicada: Video | https://www.youtube.com/watch?v=HkHX18n4tak,Sunken Octahedron: Video | https://www.youtube.com/watch?v=qWk8WVvWrM8,Paper Fortune Teller: Video | https://youtu.be/g6BrDm9tYbE?feature=shared,Spy Plane Paper Airplane: Video | https://youtu.be/VfWAGxQZaDc?feature=shared,Popsicle Stick Icosahedron: Video | https://youtu.be/xL7esJK-b2U?feature=shared,Friendship Bracelet Cable Wrap | https://www.instructables.com/Chevron-Friendship-Bracelet-Style-Cable-Wrap-2-Siz/,Solar Oven | https://drive.google.com/file/d/1CdqLCvGN40ysJ8MRlHPS-KYpw98wJTBY/view?usp=drive_link,TinkerCAD Game Piece | https://drive.google.com/open?id=1ge0KJgVUiaSCQYDNslE1qczOuyljhAzrinsVNRIjujU,How To Apply a Vinly Decal | https://docs.google.com/document/d/1D5qDopoflQ4PM_qTRfv1qhc95A-UN3uL/edit,Trace an Image in Inkscape | https://docs.google.com/document/d/1afeIQDA7kRPlD-9IfBcTANHKL46yaDRD/edit,Embroider Your Name | https://docs.google.com/document/d/1qqNh_5BpfkRn3KvBBr757DzXfSKWn-UA/edit,Resistor Code Wheel | https://drive.google.com/open?id=1hvufvKUJdoDnYfYvqjZStlwFDl4UnQ-X,,,Flower | https://docs.google.com/drawings/d/1GQNN4V6d8tXpIkobUtDnCC_EQPqNHhKQfsohl64Cjk8/edit?usp=sharing,Animate A Character | https://docs.google.com/document/d/1jbpp2bzgKT-pF-pDcUza_E493VldeyMS/edit,,,Design a vehicle/rover for Mars,Dragonfly | https://www.youtube.com/shorts/tVX0EyBYvVA,
,,,,Blinking Eye Origami: Instructions | https://www.origamiway.com/origami-blinking-eye/,,,,,,,Fake Stained Glass | https://docs.google.com/document/d/1ljoF3uKHa_1_Y_2vFOQcaqLoh-8SUohu/edit,,,,,Pinwheel | https://docs.google.com/drawings/d/1ov00gFlmOrkyJAowCP2Q7aNajTkDJksH7Mcm96PCpdw/edit?usp=sharing,Create Animations That Talk | https://docs.google.com/document/d/16YsotkA_OI0Fw1km8DR8oS16g8BoUIOO/edit,,,,,Tetrahedron | https://docs.google.com/document/d/1CPvkqD8q4THyaOTdbSDBAyyThqqebgVn2ZAEjjyg6Z4/edit?usp=sharing
,,Fox: Instructions | http://origami.me/fox/,,Blinking Eye Origami: Video | https://youtu.be/a2SU3jRoV_4?feature=shared,,Popsicle Stick Newton's Cradle: Instructions | https://www.instructables.com/Newtons-Cradle-Out-of-Popsicle-Sticks/,,,,,,,,,,,Create A Story | https://docs.google.com/document/d/17M8EByW5HooIosIQfvx-zz0Xtl1p4uX2/edit,,,,,
Green,,Fox: Video | https://www.youtube.com/watch?v=DJ23zgGAg6c,,Fold-Up Pup: Instructions | https://drive.google.com/file/d/1z7UEucCYYFn6ugdPIl7op3_BHJiRSD6n/view?usp=sharing,,Popsicle Stick Newton's Cradle: Video | https://youtu.be/DJI3EaBZFZA?feature=shared,,,,,,,,,,,,,,,,
,,,,Fold-Up Pup: Video | https://youtu.be/yJfvYKn2C2o?feature=shared,,,,,,,,,,,,,,,,,,
,,,,Paper Tiger: Instructions | https://drive.google.com/file/d/1U9Ea9vrCS0fMkjGxWSpKFS6L_o2zn8m0/view,,,,,Custom Phone Stand | https://docs.google.com/document/d/1OA3BuftxTsMSqYeQtNtpnxNZfOsnoQrMqopognIWf8A/edit?usp=sharing,,,,,,,,,,Make a carboard hand with straw fingers,,,
,,,,Paper Tiger: Video | https://youtu.be/3SW-9gnr5R0?feature=shared,,,,,,,,,,,,,,,,Design a vehicle that can win a down hill race | https://youtube.com/shorts/u3SwgxKLUwE?si=T1NWpevHyK8IOrT7,,
,The Innovation Process | https://docs.google.com/presentation/d/16xBTtXYuueqzE3l3q3A3edR0jkKQmpY2hgTx67OmQ8w/edit?usp=sharing,Jumping Frog: Instructions | https://www.origamiway.com/origami-jumping-frog.shtml,Cris-Cros Cube: Instructions | https://docs.google.com/document/d/1BbSvuZO7bEbNm6923o-tipX7Dhoq7-7u/edit,Origami Boat: Instructions | https://www.origamiway.com/origami-boat.shtml,Professional Paper Airplane: Instructions | https://www.origamiway.com/plane-professional.shtml,Popsicle Stick Chain Reaction: Instructions | https://youtu.be/FGXv-Pp615U,Geometric String Art | https://www.instructables.com/Geometric-String-Art/,Air Blaster | https://drive.google.com/file/d/1bw_uqz1i51PHv6AERrFe1PzzW8kXq6Dr/view?usp=drive_link,,,,,Make an LED Series Circuit | https://docs.google.com/document/d/1ZPS6lfO9SXX24JczBVcq7Cqc2-XPw_ET/edit,Corregated Gears,Popsicle Stick Harmonica | http://www.housingaforest.com/popsicle-stick-harmonica/,Little & Large | https://docs.google.com/drawings/d/13Ct2MMdffsHZDHRLVIMILhW_eW-7mN7RFQmkil2BC1w/edit?usp=sharing,Code a Cartoon | https://docs.google.com/document/d/1wgKr2BJtbjDlYzX5n21WlDZjJe-SND73/edit,Complete One whole level of the ARCADE SKILLS MAP (Pidegeon Level) | https://arcade.makecode.com/--skillmap,,,CupCake | https://www.youtube.com/watch?v=QRHa3E53l3A,Filled Cube | https://docs.google.com/document/d/1OrYR_tQXhRpL-pzGRqhM1wpJkVe0Qn3SX2nfcqfvWv0/edit?usp=sharing
,,Jumping Frog: Video | https://www.youtube.com/watch?v=1kZjq8f8Mpo,Cris-Cros Cube: Videos * | https://www.youtube.com/watch?v=HQhBOLABSkg,Origami Boat: Video | https://youtu.be/3N7EUi3-PG8?feature=shared,Professional Paper Airplane: Video | https://youtu.be/K2tVuqNxKdw?feature=shared,Popsicle Stick Chain Reaction: Video | https://youtu.be/r7j7l39ZAsU?feature=shared,Posable Yarn Friend | https://www.instructables.com/Posable-Creepy-Yarn-Friend/,Slime: Instructions | https://littlebinsforlittlehands.com/how-to-make-saline-solution-slime-recipe/,,Trace an Image in Silhouette Studio | https://docs.google.com/document/d/1RkdDKCjzJTwM2dAsCoNgLksI2viHa0Wv/edit,2.5D Chess Pawn | https://docs.google.com/document/d/1uaXBzE9SLDNS5D8MlvX8VyoH_RXwIeQx/edit,Multicolor Patch | https://docs.google.com/document/d/1DVfj7wUGo8kYKOKMwN-xWRHMnbcu9ntZ/edit,Make a Variable Resistor | https://docs.google.com/document/d/1ywzIkCgD4mzWq1Pguh6pPOIqp3t2iukU/edit,,DIY Spin Drum | https://www.minted.com/julep/2014/07/14/kids-party-ideas-diy-musical-instrument/,,,,,,Sword | https://www.youtube.com/watch?v=IZry2TYbC3s,
,,,,Jumping Frog Level 2: Instructions | https://www.origamiway.com/origami-jumping-frog.shtml,,Da Vinci Popsicle Stick Bridge: Instructions | https://www.instructables.com/Da-Vinci-Popsicle-Stick-Bridge/,,Slime: Video | https://youtu.be/Tb84tJl7eqo?feature=shared,,,Laser Cut Diorama | https://docs.google.com/document/d/1D2PAy1wVQnP-YMVjyJR-xYKg5pLk8fMI/edit,,,,Rubber Band Guitar | http://www.makeit-loveit.com/2011/03/mister-make-it-and-love-it-series.html,,,,,,,
,,Beetle: Instructions | http://origami.me/beetle/,,Jumping Frog Level 2: Video | https://youtu.be/2dHhvV18eX8?feature=shared,,Da Vinci Popsicle Stick Bridge: Video | https://youtu.be/mVP0I-nsP_8?feature=shared,,Parachute Design (Video Only) | https://youtu.be/nmJPOHNUzB4?si=bambm151qwEiCt9A,,,,,,,,,,,,,,
,,Beetle: Video | https://www.youtube.com/watch?v=Hdj_Vr7dOok,,Toon Skelly Mask: Instructions | https://drive.google.com/file/d/1Bv9TREvi0IwOanvc3KI-q7eCTxc9N1Uh/view?usp=sharing,,,,,,,,,,,,,,,,,,
,,,,Toon Skelly Mask: Video | https://youtu.be/GFxjC9WY-lY?feature=shared,,,,,Custom Ring in TinkerCad | https://docs.google.com/document/d/18khDTj27AIhp4tYXK_6c7QlxLbZoTUa9SemmDa7N9a8/edit?usp=sharing,,,,,,,,,,Make a Brush Bot,,,
Blue,,,,NASA Starshade: Instructions | https://www.jpl.nasa.gov/edu/resources/project/space-origami-make-your-own-starshade/,,,,,Custom BRICK | https://drive.google.com/open?id=10kkz3Lm5hm-grF-s-gbYWJ6ll6kzLK1Ocu-vE1_MU1k,,,,,,,,,,,Make a 2 dimensional picture using Lego Blocks | https://youtu.be/3dY-kvNcDt8?si=BtbMzZqth4iseDhK,,
,Notebook Rough Sketch | https://drive.google.com/open?id=1aRGnYDaspwjgyWHhU1GOp7IMsLQZeWaBvKbXfdslLOg,Flapping Bird: Instructions | https://www.origamiway.com/origami-flapping-bird.shtml,Twelve Pointed Star: Instructions | https://docs.google.com/document/d/1Sa6N65Hoc1WIvCtPzR795ZfquvDLlkfF/edit,Flapping Bird: Instructions | https://www.origamiway.com/origami-flapping-bird/,Headhunter Paper Airplane: Instructions | https://www.origamiway.com/plane-headhunter.shtml,Spoon Catapult Out Of Popsicle Sticks: Video | https://www.youtube.com/watch?v=iKQaTFfhwWo,Textured Crochet Square Potholder | https://www.instructables.com/Textured-Crochet-Square-Potholder/,Straw Bridge Instructions | https://drive.google.com/file/d/1akOucflalXWMubu9WXHu8yqtMij3VNQp/view?usp=sharing,,,,,LED Stop Light Circuit | https://docs.google.com/document/d/1s7n_SGLBTTlPKZySVZilAk1ws8q7HlQk/edit,Cage Gears,Build a Spaghetti Bridge | https://www.wikihow.com/Build-a-Spaghetti-Bridge,Star | https://docs.google.com/drawings/d/1lU7kCTsR4nKMEUtM5YgEXLe78qjFGlymwdOJ9A8A2VY/edit?usp=sharing,Change Size | https://docs.google.com/document/d/1Hpnmek0HLztmtaESASCG0mqiQIuIBKee/edit,complete two whole levels of Beginner Skills Map (Theater Curtain Level) | https://arcade.makecode.com/--skillmap,,,Pipe Cleaner Crown | https://www.youtube.com/watch?v=IaJAUm2Joks,
,,Flapping Bird: Video | https://www.youtube.com/watch?v=DD1M3VrNSt4,Twelve Pointed Star: Video | https://youtu.be/HQhBOLABSkg?t=9m23s,Flapping Bird: Video | https://youtu.be/Oh03DJ0dOOc?feature=shared,Headhunter Paper Airplane: Video | https://youtu.be/LidNaWlnO5k?feature=shared,Popsicle Stick Holder: Instructions | https://www.instructables.com/Popsicle-Stick-Holder/,How to Finger Weave: Instructions | https://www.instructables.com/How-to-Fingerweave-Something/,OR Straw Bridge Video | https://youtu.be/GA93aHRDMD8?si=T6ARglUbQ_lxYkrW,,Make a Heat Transfer Design | https://docs.google.com/document/d/1ToUxPWMPBVwPsauaU0m3mG77AzXnkT1K/edit,Maker Case Box | https://docs.google.com/document/d/1O50opFhpsbVBoNCJ7VcfRnx4B2VxCJvB/edit,Multipart Patch | https://docs.google.com/document/d/1RuZHY8ptb9WwbXFFGKUn3NmpZ9ctryqI/edit,RGB LED Circuit | https://docs.google.com/document/d/1S_Iga0mpq_59w8hgqPI5iW379MQ-Yy0w/edit,,Build a Mini Siege Engine | https://www.instructables.com/id/Mini-Siege-Engines/,Reset | https://docs.google.com/drawings/d/1_SArTrXTLdDXrL6JQiy1pKtx-Q-BsiP_oLB00zCDSKA/edit?usp=sharing,Video Sensing | https://docs.google.com/document/d/1gWug_Nf1mZMw5ATMlWzU0wjBHsinoUox/edit,,,,Bubble Wand | https://www.youtube.com/watch?v=Vr_jrkd48Wc,Touch Stone | https://docs.google.com/document/d/1pyKAVGxhhAdIlh24G8zPcXu-yl7hciWN7HIAZTUs5jA/edit?usp=sharing
,,,,Origami Crane: Instructions | https://www.origamiway.com/origami-crane.shtml,,Popsicle Stick Holder: Video | https://youtu.be/gU3AqE5zzTg?feature=shared,How to Finger Weave: Video | https://www.youtube.com/watch?v=pAhuzHltIDs,Comeback Can | https://drive.google.com/file/d/1p_LeN5IUHgKT60g22BXQs2ULIO3PIiS-/view?usp=drive_link,,How to Operate the Heat Press | https://docs.google.com/document/d/1gZX95vsLJHtNTK8G22r12zt5wgir5w67/edit,,,RGB LED Cu Tape Circuit | https://docs.google.com/document/d/1G72STvxmJHXbFFFu8L5aLgF5cucDzMC0/edit,,,,,,,,,
,,Traditional Crane: Instructions | https://www.origamiway.com/origami-crane.shtml,,Origami Crane: Video | https://youtu.be/GC_Szxdqh2Y?feature=shared,,Popsicle Stick Hexagon Shelf: Instructions | https://www.instructables.com/Popsicle-Sticks-Hexagon-Shelf/,,OR Comeback Can Video | https://youtu.be/-DPxl7Ik93k?si=YZEzzAqT2VaU9Ybd,,,,,,,,,,,,,,
,,Traditional Crane: Video | https://www.youtube.com/watch?v=KfnyopxdJXQ,,Hedgehog: Instructions | https://drive.google.com/file/d/1AURaDMXQaVNFUenuWLPyCnlwDp3fZ-8I/view?usp=sharing,,Popsicle Stick Hexagon Shelf: Video | https://youtu.be/D61inpGzPUc?feature=shared,,Hovercraft Instructions | https://www.scienceworld.ca/resource/balloon-hovercraft/,,,,,,,,,,,,,,
,,,,Hedgehog: Video | https://youtu.be/qmeGnV0rz5E?feature=shared,,,,OR Hovercraft Video | https://youtu.be/iujDMqL_448?si=jOtEGtRhQTBBIndM,Custom Cookie Cutter | https://docs.google.com/document/d/1-bPp7kwhK2IwONXSVg0EuA-Bo0SGaFJ0eQahFJPu_iQ/edit?usp=sharing,,,,,,,,,,make a cockroach robot,1) Connect a Lego Spike Brick to your Laptop | https://spike.legoeducation.com/prime/start/,,
Purple,,,,,,,,,,,,,,,,,,,,,,
,Notebook Detail Sketch | https://drive.google.com/open?id=15KiIzkpOb8_odfrRTeadHHxGLxmw2ugRQerdM7kJc5s,Iris: Instructions | http://origami.me/iris/,Fold a Sonobe Module: Instructions | https://docs.google.com/document/d/1dgxhr5qlsitkkgiaY6wlGuSyngiL0EHh/edit,Paper Robot: Instructions | https://www.instructables.com/id/Paperbot-Paper-Robot-to-Print-Out-and-Make/,Pet Dragon Paper Airplane: Instructions | https://www.origamiway.com/plane-pet-dragon.shtml,Popsicle Stick Motorboat: Instructions | https://www.instructables.com/Popsicle-stick-motorboat/,Yarn Jewelry | https://www.instructables.com/Pantry-Yarn-Jewelry/,Paddle Boat | https://drive.google.com/file/d/1kUiCEnFz4VwxUuQrxV0K4cSak_jYUZmF/view?usp=drive_link,,,,,How a Capacitor Works | https://docs.google.com/document/d/1Ili_5KdyCszRVXzE9q-lnFbVPZ95H1xZ/edit,Laser Cut Spirograph | https://docs.google.com/document/d/1ZwWYj9OczMhbOE9G3NO_n5U6EHvN4-MU/edit,Build a Rubber Band Car | https://yourmoderndad.com/diy-rubber-band-racer/,Triangle Spiral | https://docs.google.com/drawings/d/1VAEY7Ewmn_zX7cjmAFo5-W2JtLKJJbx2fAr4IZc2bhw/edit?usp=sharing,Pong Game | https://docs.google.com/document/d/18fnU7uyihVNTblfUJEDiH0wSgJ1Nd5ra/edit,Complete all the levels of the Beginner Skills Map (Kaiju Dinosaur Level) | https://arcade.makecode.com/--skillmap,,2) Learn to program a Lego Spike Block to roll in a square. | https://spike.legoeducation.com/prime/start/,Spider | https://www.youtube.com/watch?v=ZvVvupxVEuw,
,,Iris: Video | https://www.youtube.com/watch?v=QY9LE0bDFxY,Fold a Sonobe Module: Video | https://www.youtube.com/watch?v=TKGW2W168H0,Paper Robot: Video | https://youtu.be/qkUuGVyu3cg?feature=shared,Pet Dragon Paper Airplane: Video | https://youtu.be/oqeNcIHlePc?feature=shared,Popsicle Stick Motorboat: Video | https://youtu.be/dhV3h-Hjpmk?feature=shared,Trollen Wheel Weaving: Instructions | https://www.instructables.com/Viking-Braids-Make-a-Trollen-Wheel/,OR Paddle Boat Video | https://youtu.be/PlANTECC-QA?si=IjY30kQVq7ImkQF4,,Make a 2-Color Decal | https://docs.google.com/document/d/1UwbTx0Rt6fbwfz9Cgue8KVpuds2Tfzok/edit,Laser Cut Spirograph | https://docs.google.com/document/d/1Kx1n7EJ7s3bKNhFk0jXMh2GU8BqYi3GJ/edit,Add an Applique | https://docs.google.com/document/d/1IOvIZfmdBF1oxf-nHhZwZMhucqp9r5xU/edit,,,Try the Egg Drop Challenge | https://buggyandbuddy.com/stem-kids-egg-drop-project/,,Animate an Adventure Game | https://docs.google.com/document/d/1bCDnYcWVfkNaeFdcyIc_qVqCT6AaokUu/edit,,,,Ice Cream Cone Keychain | https://www.youtube.com/watch?v=q6DJt7ASzWQ,Finishing | https://docs.google.com/document/d/1NSM3ctQB_YjTxcnqILpmdczwvcTzf_UzTbY3WXN8j0Q/edit?usp=sharing
,,,Transforming Ninja Star: Instructions | https://www.origamiway.com/origami-transforming-ninja-star.shtml,Cardboard Phone Stand: Instructions | https://i.ytimg.com/vi/eFnLHOCWO3o/maxresdefault.jpg,,Popsicle Stick Birdhouse: Instructions | https://www.instructables.com/Popsicle-Stick-Birdhouse/,Trollen Wheel Weaving: Video | https://www.youtube.com/watch?v=q9giXHTOpYE,,,,,,,,Water Balloon Catapult | https://www.msichicago.org/fileadmin/assets/online_science/summer_brain_games/activity_PDFs/SBG12_Catapult.pdf,,Imagine a World | https://docs.google.com/document/d/1iEdsogsZrLmAEmLmr8C7DB2EPuGg8UoA/edit,,,,,
,,Lion: Instructions | http://origami.me/lion/,Transforming Ninja Star: Video | https://www.youtube.com/watch?v=n01fsCDWAUc,Cardboard Phone Stand: Video | https://youtu.be/eFnLHOCWO3o?feature=shared,,Popsicle Stick Birdhouse: Video | https://youtu.be/L_s0M5Z8Nm8?feature=shared,,Newspaper Fort | https://drive.google.com/file/d/1B03vIpJrk3OWNSD1uPnig3MQiapCKm17/view?usp=drive_link,,,,,,,Tensegrity Flying Man | https://drive.google.com/file/d/1MMonoBmbj4pA3U2bIDErOIUexkple7JQ/view?usp=sharing,,,,,,,
,,Lion: Video | https://www.youtube.com/watch?v=XSM0DTx7nZE,,,,Popsicle Stick Shutter Lamp Shade: Instructions | https://www.instructables.com/Make-a-Popsicle-Stick-Shutter-Lamp/,,OR Newspaper Fort Video | https://youtu.be/TV2Fpq8s9Ws?si=BnylX105FK3kOvVv,,,,,,,,,,,,,,
,,,,,,Popsicle Stick Shutter Lamp Shade: Video | https://youtu.be/rLPnaF2Dy7k?feature=shared,,,Head Scan | https://drive.google.com/open?id=1_4dD4H4J8Eq4S0eCQBxYwxvhclI2bIXJS9febTysEe8,,,,,,,,,,Make a automated claw hand,,,
Brown,,,,,,,,,Altered Head Scan | https://drive.google.com/open?id=1iE-VRqtvK6xV4u7fhxch5KTYHn3k-Npcq9Pc5g1zKZM,,,,,,,,,,,,,
,Sketch Model | https://drive.google.com/open?id=15NXBMsNSQi01KFgzgrY-GwT2-yyIsa7U1DzxTN6ImAs,Seal: Instructions | http://origami.me/seal/,Assemble Simple Sonobe Models: Instructions | https://docs.google.com/document/d/1XRv37KP5nvnkTTfHkhthh6XgjaloLgzj/edit,3D Cat-In-Box Automata | https://youtu.be/c7HKJqTHGbQ,Infinity Arrow Paper Airplane: Instructions | https://www.origamiway.com/plane-infinity-arrow.shtml,Popsicle Stick Shutter Lamp Shade: Instructions | https://www.instructables.com/Make-a-Popsicle-Stick-Shutter-Lamp/,Complete an Embroidery Project | https://www.instructables.com/Zodiac-Embroidery/,Hot Air Balloon | https://drive.google.com/file/d/1FnFf9_HAUDPQ54H20Ek2kcH-Cag_g3ck/view?usp=drive_link,,,,,555 Blinking Light | https://docs.google.com/document/d/1j0SF_83C7RftXOv9LFS2dyUrataAOEXf/edit,Arduino Programming -Servo | https://learn.adafruit.com/adafruit-arduino-lesson-14-servo-motors?view=all,Build a Propeller Toy | https://www.instructables.com/Hand-powered-vintage-propeller-toy/,Spiral Challenge | https://docs.google.com/drawings/d/1NBk9wr1xm88aX6Qs7Gi_P9LprBvTz5cxrwr9293Jp_s/edit?usp=sharing,Check out some of the code made by other makers! | https://docs.google.com/document/d/1yit0Z6teBUKhRMHCQd7CnutXRShxh0cz/edit,Create a Game that incorporates the Lights at the Bottom of the Pygamer.,,Design a robot that does a particular job.,Pipe Cleaner Dragon | https://frugalfun4boys.com/pipe-cleaner-dragons/,
,,Seal: Video | https://www.youtube.com/watch?v=U3SH59mHURA,Assemble Simple Sonobe Models: Videos | https://www.youtube.com/watch?v=WasvUFXmACk,Red Panda Mask: Instructions | https://drive.google.com/file/d/18ycBCaeZMxluWkBjNt6LQaDYsNmdP6IZ/view,Infinity Arrow Paper Airplane: Video | https://youtu.be/KIGEBjiBDFM?feature=shared,Popsicle Stick Shutter Lamp Shade: Video | https://youtu.be/rLPnaF2Dy7k?feature=shared,(Skip the LED portion),OR Hot Air Balloon Video | https://youtu.be/2t170Kb9Fz8?si=LAdqHX2kMDYUcCY6,,3+ Color Decal | https://docs.google.com/document/d/1Tc6vsuXBtJXbRC0qWsRk_SMfgxlO4TZA/edit,Laser Cut Pantograph | https://docs.google.com/document/d/1CVJ4ADuGut4tn-0go_BBH5LIO91tQ-bI/edit,Puffy Embroidery | https://docs.google.com/document/d/1-CEx8VKVYznZnVA5EttqWfSQJqTHD5_N/edit,555 Photo Theremin | https://docs.google.com/document/d/1Xp465RMT_ucVlGSQLFQeh7BdEgJGra1j/edit,,Build a Propeller Car | https://www.instructables.com/id/Propeller-Powered-Car/,Density | https://docs.google.com/drawings/d/12aUaC9w3VJKcBLAsvKhr5_t270RUwgLw8LIMaBu-dwo/edit?usp=sharing,,,,,,Replicate Desk Item | https://docs.google.com/document/d/1Qi-7Ht8BglI8NinXAua0_Wb_IHTuOMyyq4kfGSgvSLc/edit?usp=sharing
,,,,Red Panda Mask: Video | https://youtu.be/1EQl9iUae8E?feature=shared,,Popsicle Stick Ring: Instructions | https://www.instructables.com/Popsicle-Stick-Ring/,Try three different String Art Patterns - and make a gift card USING:,,,,,,,,Build a Dragonfly Helicopter | https://sciencetoymaker.org/dragonfly-helicopter/copter-common-materials/,,,,,,,
,,Rabbit: Instructions | http://origami.me/rabbit/,,Paper Basket: Instructions | https://www.instructables.com/Recycled-Paper-Basket/,,Popsicle Stick Ring: Video | https://youtu.be/M-oDO7HaenU?feature=shared,Different Shape String Art Templates: Instructions | https://www.instructables.com/String-Art-Valentine-Cards-and-Other-Holidays/,,,,,,,,Balloon Racer | https://www.msichicago.org/fileadmin/assets/online_science/summer_brain_games/activity_PDFs/SBG13_Racer.pdf,,,,,,,
,,Rabbit: Video | https://www.youtube.com/watch?v=6QqBvy_yO_M,,Paper Basket: Video | https://youtu.be/wWDzSA3X63M?feature=shared,,Popsicle Stick Folding Chair: Video | https://youtu.be/jAi6S_5krTo?feature=shared,Different Shape String Art Templates: Video | https://www.youtube.com/watch?v=IANCecGCzi8,,,,,,,,,,,,,,,
,,,,,,Popsicle Stick Bridge: Instructions | https://www.instructables.com/Popsicle-Stick-Bridge/,Thread Triangular Art Card | https://www.instructables.com/silk-thread-triangular-art-card/,,Assemble a Screwless Gear Cube | https://docs.google.com/document/d/12ymvx_31TNeZy9h9VrEQz7n7j1GnxK6o1-z7bdzuhms/edit?usp=sharing,,,,,,,,,,Make a automated robot hand,,,
Black,,,,,,Popsicle Stick Bridge: Video | https://youtu.be/eGM36jU_364?feature=shared,,,Custom Secret Message Container | https://docs.google.com/document/d/1_uasA_Za-9T3Y_kVKt417sgiWPoqRAt1uy8vS634EAE/edit?usp=sharing,,,,,,,,,,,Create a Lego Rover/ Robot using Lego Spike | https://youtu.be/8MXGh5VE9Bs?si=cRypSLi1tK6CrvkL,,
,Recording Data | https://docs.google.com/document/d/1bKx6wJshooVdf_zz6WHUsWKLmMczZWH88G_hvAS-apI,Parrot: Instructions | http://origami.me/parrot/,Assemble a Complex Sonobe Model: Instructions | https://docs.google.com/document/d/1QRrfGQSA7azPW3cT8g7CkTuAKP8LWXd0/edit,Walking Paper Mech Warrior or Robot: Instructions | https://www.instructables.com/Walking-Papercraft-Mech-Warrior/,Star Crusher Paper Airplane: Instructions | https://www.origamiway.com/plane-star-crusher.shtml,Popsicle Stick Helicopter: Video | https://youtu.be/LEfU-ke-oVk?feature=shared,"Complete an Independent Embroidery Project -- find your own template online, and follow previous instructions",Stomp Rocket | https://drive.google.com/file/d/1WkN1uyYV0oMvkOrO9HOMc5VE12K6A4hU/view?usp=drive_link,,,,,555 Octave Keyboard | https://docs.google.com/document/d/1cIlo2cDxQ_rc0dzkP_IOSqML8NCB3rIW/edit,Create your own Autonomous Robot,Build a Rubber Band Plane | https://www.instructables.com/id/Rubber-Band-Powered-Aeroplane/,Fractal Tree | https://docs.google.com/drawings/d/1NXVwLRsZARla142sQRdeH58kNO7j1rqDm7aQCV1KJd4/edit?usp=sharing,Create your very own and share it! | https://docs.google.com/document/d/1JUsbLTMXUavC93ovxRrKqxaG_FePn7F5/edit,Set the PyGamer to control an external light or Buzzer.,,,5NOF Cupcake | https://www.youtube.com/watch?v=-BhZbZNmmWA,
,,Parrot: Video* | https://www.youtube.com/watch?v=lchxv2BOg6M,Assemble a Complex Sonobe Model: Video | https://www.youtube.com/watch?v=rWWyDVBV-qc,Walking Paper Mech Warrior or Robot: Video | https://youtu.be/azixGAjPC1Q?feature=shared,Star Crusher Paper Airplane: Video | https://youtu.be/5iqFlEpQs0U?feature=shared,Popsicle Stick Marble Labyrinth: Instructions | https://www.instructables.com/Popsicle-Stick-Marble-Labyrinth/,,OR Stomp Rocket Video | https://youtu.be/9oZSBSYB1_o?si=Sis4McMY5Nzs_scN,,Draw & Cut with the Vinyl Cutter | https://docs.google.com/document/d/1_Luof-f1lRxi2Ww00u1SrfLTtiCy3-Kv/edit,Laser Cut Gear Box | https://docs.google.com/document/d/1r0OgOqTrdItJCz_fC6pdsqJGu5BRHDCC/edit,Sewing an External File | https://docs.google.com/document/d/1fUh9h8QnOMm4nQWjyDDRYclUBADgCAA3/edit,,,Rube Goldberg Machine | https://drive.google.com/file/d/1k4xgxYNdcNUu5eqj4_BAfpkjvlnhQgoi/view?usp=drive_link,,,,,,Giant Sunflower | https://www.youtube.com/watch?v=f6d1ds6GMR8,Human/Animal Sculpture | https://docs.google.com/document/d/1fBGlOvx904XiWFO-_pvBuOdYJy2JgbG19urWJj5I7A0/edit?usp=sharing
,,,,Rabbit eating Carrot Automaton : Instructions | https://drive.google.com/file/d/1IHAyK4fpdj5Z5omyYo-24t0BrAIumabE/view?usp=sharing,,Popsicle Stick Marble Labyrinth: Video | https://youtu.be/1yIxqWfaczg?feature=shared,,Hot Glue 3D Water Printing | https://docs.google.com/presentation/d/1-7Fn-l2FIu0Lt7eOuAriNNzYmrxwMMgcfrxu_Cpru7A/edit?usp=sharing,,,,,,,Scribble Bot | https://www.msichicago.org/fileadmin/assets/online_science/summer_brain_games/activity_PDFs/SBG15_space_bot.pdf,,,,,,Giant Flower | https://www.youtube.com/watch?v=0fqAcTThF3c&t=70s,
,,Advanced Frog: Instructions | http://origami.me/traditional-frog/,,Rabbit eating Carrot Automaton : Video | https://youtu.be/SxvO-kNyOOU?feature=shared,,,3d String art - USE POPSICLE STICKS and small hole puncher | https://www.instructables.com/Desktop-3D-String-Art/,,,,,,,,,,,,,,,
,,,,,,,G,,,,,,,,,,,,,,,
